Original_Node_Name,Taxon_1,Taxon_2,Min_Date
Hipposaurus + (Burnetiamorpha): ,Hipposaurus_boonstrai,Lemurosaurus_pricei,268.5
Herpetoskylax + Burnetiamorpha,Herpetoskylax_hopsoni,Lemurosaurus_pricei,265
Lemurosaurus + Leucocephalus,Lemurosaurus_pricei,Leucocephalus_wewersi,260
Patranomodon + Dicynodontia,Pelanomodon_moschops,Dicynodon_lacerticeps,267.5
Common ancestor of Eodicynodon and Lystrosaurus,Eodicynodon_oelofseni,Lystrosaurus_curvatus,266.5
Common ancestor of Diictodon and Lystrosaurus,Diictodon_feliceps,Lystrosaurus_curvatus,264
Common ancestor of Pristerodon and Lystrosaurus,Pristerodon_mackayi,Lystrosaurus_curvatus,263
Abajudon +Endothiodon,Abajudon_kaayi,Endothiodon_bathystoma,261.5
Endothiodon tolani + Endothiodon bathystoma,Endothiodon_tolani,Endothiodon_bathystoma,261
Emydopoidea + Bidentalia,Emydops_oweni,Rastodon_procurvidens,262
Dicynodontoides + Cistecephalidae,Dicynodontoides_nowacki,Cistecephalus_microrhinus,259
Kawingasaurus + Kembawacela,Kawingasaurus_fossilis,Kembawacela_kitchingi,256
Common ancestor of Oudenodon and Lystrosaurus,Oudenodon_bainii,Lystrosaurus_curvatus,258
Common ancestor of Aulacephalodon and Lystrosaurus,Aulacephalodon_bainii,Lystrosaurus_curvatus,257.5
Common ancestor of Lystrosaurus and Sangusaurus,Lystrosaurus_curvatus,Sangusaurus_edentatus,255
Lystrosaurus declivis + Lystrosaurus murrayi,Lystrosaurus_declivis,Lystrosaurus_murrayi,253
Gorgonopsia + Eutheriodontia,Biarmosuchus_tener,Ictidosuchus_primaevus,265.5
Therocephalia + Cynodontia,Anteosaurus_magnificus,Dvinia_prima,265
Akidnognathidae + Baurioidea,Cerdosuchoides_brevidens,Tetracynodon_tenuis,260.26
Olivierosuchus + Euchambersia,Olivierosuchus_parringtoni,Euchambersia_mirabilis,257
Common ancestor of Ictidosuchoides and Microgomphodon,Ictidosuchoides_longiceps,Microgomphodon_oligocynus,259.5
Common ancestor of Mupashi and Microgomphodon,Mupashi_migrator,Microgomphodon_oligocynus,259
Common ancestor of Choerosaurus and Microgomphodon,Choerosaurus_dejageri,Microgomphodon_oligocynus,258
Common ancestor of Trirachodontidae and Massetognathus,Trirachodon_berryi,Massetognathus_pascuali,249.34
Common ancestor of Trirachodon and Cricodon,Trirachodon_berryi,Cricodon_kannemeyeri,247.5
Common ancestor of Scalenodon and Massetognathus,Scalenodon_attridgei,Massetognathus_pascuali,239
Common ancestor of Luangwa and Massetognathus,Luangwa_drysdalli,Massetognathus_pascuali,238
Common ancestor of Pseudotherium and Tritylodontidae,Pseudotherium_argentinus,Oligokyphus_lufengensis,232
Common ancestor of Tritylodon and Oligokyphus,Tritylodon_longaevus,Oligokyphus_lufengensis,204.9
Common ancestor of Morganucodon and Megazostrodon,Morganucodon_oehleri,Megazostrodon_rudnerae,208.5
Archaeothyris_florensis + Archaeothyris_florensis,Archaeothyris_florensis,Archaeothyris_florensis,320
fake node to root tree,Archaeothyris_florensis,Oedaleops_campi,320
Vulpavus_canavus,Vulpavus_canavus,Vulpavus_profectus,55.8
Vulpavus_profectus,Vulpavus_canavus,Vulpavus_profectus,55.8
Uintacyon_massetericus,Uintacyon_acutus,Uintacyon_asodes,58.7
Didymictis_dellensis,Didymictis_altidens,Didymictis_dellensis,61.7
Tubulodon_pearcei,Tubulodon_atopum,Tubulodon_pearcei,55.8
Dipsalidictis_platypus,Dipsalidictis_aequidens,Dipsalidictis_krausei,61.7
Leptomeryx_evansi,Leptomeryx_agatensis,Leptomeryx_antecedens,38
Poebrotherium_sp.,Poebrotherium_chadronense,Poebrotherium_eximium,37.2
Icaronycteris_menui,Icaronycteris_index,Icaronycteris_menui,56.8
Icaronycteris_sigei,Icaronycteris_index,Icaronycteris_menui,56.8
Heptodon_posticus,Heptodon_calciculus,Heptodon_minimus,55.8
Litolophus_gobiensis,Litolophus_ghazijensis,Litolophus_gobiensis,56
Hyracotherium_sp.,Hyracotherium_gabuniai,Hyracotherium_leporinum,56
Paramys_delicatus,Paramys_copei,Paramys_delicatus,56.8
Litocherus_notissimus,Litocherus_lacunatus,Litocherus_notissimus,64.6
Centetodon_chadronensis,Centetodon_aztecus,Centetodon_bacchanalis,55.8
Hyopsodus_wortmani,Hyopsodus_fangxianensis,Hyopsodus_fastigatus,56.8
Utaetus_buccatus,Utaetus_buccatus,Utaetus_deustus,48.6
Coryphodon_lobatus,Coryphodon_armatus,Coryphodon_eocaenus,56.8
Titanoides_primaevus,Titanoides_gidleyi,Titanoides_looki,61.7
Pantolambda_bathmodon,Pantolambda_bathmodon,Pantolambda_cavirictus,64.6
Pantolambda_cavirictus,Pantolambda_bathmodon,Pantolambda_cavirictus,64.6
Procerberus_formicarum,Procerberus_andesiticus,Procerberus_formicarum,69
Palaeosinopa_didelphoides,Palaeosinopa_aestuarium,Palaeosinopa_didelphoides,61.7
Palaeosinopa_veterrima,Palaeosinopa_aestuarium,Palaeosinopa_didelphoides,61.7
Bessoecetor_septentrionalis,Bessoecetor_krausei,Bessoecetor_pilodontus,64.6
Pararyctes_pattersoni,Pararyctes_pattersoni,Pararyctes_rutherfordi,64.6
Ectoconus_ditrigonus,Ectoconus_cavigellii,Ectoconus_ditrigonus,66
Periptychus_carinidens,Periptychus_carinidens,Periptychus_coarctatus,66
Periptychus_coarctatus,Periptychus_carinidens,Periptychus_coarctatus,66
Mimatuta_minuial,Mimatuta_makpialutae,Mimatuta_minuial,66
Ectocion_cedrus,Ectocion_cedrus,Ectocion_collinus,64.4
Meniscotherium_chamense,Meniscotherium_chamense,Meniscotherium_priscum,55.8
Phenacodus_primaevus,Phenacodus_bisonensis,Phenacodus_grangeri,64.6
Loxolophus_hyattianus,Loxolophus_criswelli,Loxolophus_faulkneri,66
Thryptacodon_australis,Thryptacodon_antiquus,Thryptacodon_australis,64.6
Thryptacodon_pseudarctos,Thryptacodon_antiquus,Thryptacodon_australis,64.6
Arctocyon_ferox,Arctocyon_ferox,Arctocyon_mumak,64.6
Arctocyon_primaevus,Arctocyon_ferox,Arctocyon_mumak,64.6
Claenodon_montanensis,Claenodon_latidens,Claenodon_montanensis,64.6
Protungulatum_donnae,Protungulatum_donnae,Protungulatum_gorgun,69
Dissacus_praenuntius,Dissacus_argenteus,Dissacus_blayaci,66
Dissacus_raslanloubatieri,Dissacus_argenteus,Dissacus_blayaci,66
Dissacus_rougierae,Dissacus_argenteus,Dissacus_blayaci,66
Pachyaena_gigantea,Pachyaena_gigantea,Pachyaena_gracilis,61.7
Pachyaena_gracilis,Pachyaena_gigantea,Pachyaena_gracilis,61.7
Pachyaena_ossifraga,Pachyaena_gigantea,Pachyaena_gracilis,61.7
Hapalodectes_hetangensis,Hapalodectes_anthracinus,Hapalodectes_auctus,61.7
Eoconodon_coryphaeus,Eoconodon_copanus,Eoconodon_coryphaeus,64.6
Leptictis_dakotensis,Leptictis_acutidens,Leptictis_bullatus,40.4
Prodiacodon_paucus,Prodiacodon_concordiarcensis,Prodiacodon_crustulum,66
Prodiacodon_tauricinerei,Prodiacodon_concordiarcensis,Prodiacodon_crustulum,66
Apatemys_uintensis,Apatemys_bellulus,Apatemys_bellus,56
Prolimnocyon_atavus,Prolimnocyon_antiquus,Prolimnocyon_atavus,58.7
Zalambdalestes_lechei,Zalambdalestes_grangeri,Zalambdalestes_lechei,76
Prokennalestes_sp.,Prokennalestes_minor,Prokennalestes_trofimovi,120
Alphadon_eatoni,Alphadon_attaragos,Alphadon_eatoni,86.3
Alphadon_halleyi,Alphadon_attaragos,Alphadon_eatoni,86.3
Didelphodon_coyi,Didelphodon_coyi,Didelphodon_vorax,72.1
Didelphodon_vorax,Didelphodon_coyi,Didelphodon_vorax,72.1
Eodelphis_browni,Eodelphis_browni,Eodelphis_cutleri,85.8
Amphiperatherium_maximum,Amphiperatherium_ambiguum,Amphiperatherium_exile,56
Peratherium_perrierense,Peratherium_cuvieri,Peratherium_elegans,56
Deltatheridium_pretrituberculare,Deltatheridium_nessovi,Deltatheridium_pretrituberculare,83.5
Amblotherium_pusillum,Amblotherium_gracilis,Amblotherium_nanum,157.3
Laolestes_eminens,Laolestes_eminens,Laolestes_goodrichi,161.2
Dryolestes_leiriensis,Dryolestes_leirensis,Dryolestes_priscus,157.3
Peramus_tenuirostris,Peramus_dubius,Peramus_minor,145
Spalacotherium_tricuspidens,Spalacotherium_evansae,Spalacotherium_henkeli,145
Amphitherium_prevostii,Amphitherium_prevostii,Amphitherium_rixoni,167.7
Maotherium_asiaticus,Maotherium_asiaticus,Maotherium_sinensis,127
Maotherium_sinense,Maotherium_asiaticus,Maotherium_sinensis,126
Elphidotarsius_florencae,Elphidotarsius_florencae,Elphidotarsius_russelli,64.6
Carpolestes_simpsoni,Carpolestes_dubius,Carpolestes_simpsoni,61.7
Plesiadapis_cookei,Plesiadapis_cookei,Plesiadapis_rex,61.7
Plesiadapis_fodinatus,Plesiadapis_cookei,Plesiadapis_rex,61.7
Plesiadapis_rex,Plesiadapis_cookei,Plesiadapis_rex,61.7
Plesiadapis_tricuspidens,Plesiadapis_cookei,Plesiadapis_rex,61.7
Saxonella_crepaturae,Saxonella_crepaturae,Saxonella_naylori,61.7
Cantius_abditus,Cantius_abditus,Cantius_actius,56
Cantius_trigonodus,Cantius_abditus,Cantius_actius,56
Notharctus_tenebrosus,Notharctus_robustior,Notharctus_tenebrosus,55.8
Notharctus_venticolus,Notharctus_robustior,Notharctus_tenebrosus,55.8
Leptadapis_magnus,Leptadapis_leenhardti,Leptadapis_magnus,41.3
Ignacius_graybullianus,Ignacius_clarkforkensis,Ignacius_graybullianus,64.6
Phenacolemur_pagei,Phenacolemur_praecox,Phenacolemur_simonsi,61.7
Paromomys_depressidens,Paromomys_depressidens,Paromomys_maturus,64.6
Dryomomys_szalayi,Dryomomys_szalayi,Dryomomys_willwoodensis,61.7
Notostylops_murinus,Notostylops_murinus,Notostylops_pendens,56
Notostylops_pendens,Notostylops_murinus,Notostylops_pendens,56
Colbertia_magellanica,Colbertia_lumbrerense,Colbertia_magellanica,55
Tinodon_bellus,Tinodon_bellus,Tinodon_micron,161.2